{
    "r2_score": 0.8794998171845341,
    "adjusted r2 score": 0.8752963224351573,
    "mean squared error": 18707500.526627887,
    "mean absolute error": 2401.603450185945,
    "root mean squared error": 4325.216818452907
}